Workbook

Sheet Capa
B2: PREVISÕES DO CRONOGRAMA | E2: Lê Ai — Aplicativo social de leitura (TI V · PUC Minas)
B3: PUC Minas · Gerência de Projetos de Software | Guia PMBOK 8ª edição
B5: O QUE HÁ NESTE ARQUIVO
B6: # | C6: Aba | E6: O que ela contém
B7: 1 | C7: Capa | E7: Identificação, controle de versões e aprovações
B8: 2 | C8: Previsões do Cronograma | E8: ID · Atividade / Entrega (código da EAP) · Término Original · Término Previsto · Variação (dias) · SPI · ETC (dias) · …
B9: 3 | C9: Param | E9: Data de status, inícios dos períodos e feriados usados nos cálculos — não editar sem revisar a aba principal
B10: 4 | C10: Recursos | E10: Links e materiais de apoio
B11: 5 | C11: Instruções | E11: Como preencher este documento
B13: CONTROLE DE VERSÕES
B14: Versão | C14: Data | D14: Autor | E14: Notas da revisão
B15: 1.0 | C15: 46300 | D15: Renato Douglas | E15: Versão inicial — data de status 05/10/2026 (início do Período 2)
B21: APROVAÇÕES
B22: Ref. | C22: Data | D22: Participante | E22: Assinatura
B23: 1 | C23: 46300 | D23: Vicenzo Fonseca de Mello Souza (Gerente do Projeto)
B24: 2 | C24: 46300 | D24: Henrique Moreira Gomes de Carvalho
B25: 3
B27: Preencha uma linha de Controle de Versões a cada revisão deste documento, e uma linha de Aprovações a cada aprovação formal.

Sheet Previsões do Cronograma
A1: PREVISÕES DO CRONOGRAMA | D1: Lê Ai — Aplicativo social de leitura (TI V · PUC Minas)
A2: GUIA PMBOK® — 8ª EDIÇÃO
A3: Previsões do Cronograma
A4: Saída do Processo: Controlar o Cronograma | Domínio: Cronograma
A6: ID | B6: Atividade / Entrega | C6: Término Original | D6: Término Previsto | E6: Variação (dias) | F6: SPI | G6: ETC (dias) | H6: Responsável | I6: Ação
A7: PREV-001 | B7: 1.4.2 P0-CI: Pipeline de Integração e Entrega Contínuas | C7: 46273 | D7: 46304 | E7: =IF(D7>=C7,NETWORKDAYS(C7,D7,Param!$B$10:$B$14)-1,-(NETWORKDAYS(D7,C7,Param!$B$10:$B$14)-1)) -> 23 | F7: =NETWORKDAYS(Param!$B$5,C7,Param!$B$10:$B$14)/NETWORKDAYS(Param!$B$5,D7,Param!$B$10:$B$14) -> 0.3030303 | G7: =MAX(0,NETWORKDAYS(Param!$B$4+1,D7,Param!$B$10:$B$14)) -> 4 | H7: Kayke | I7: Único item aberto: exigir os checks de CI (required status checks) na proteção da main
A8: PREV-002 | B8: 1.4.4 P0-MSG: Mensageria e Integrações Base | C8: 46273 | D8: 46304 | E8: =IF(D8>=C8,NETWORKDAYS(C8,D8,Param!$B$10:$B$14)-1,-(NETWORKDAYS(D8,C8,Param!$B$10:$B$14)-1)) -> 23 | F8: =NETWORKDAYS(Param!$B$5,C8,Param!$B$10:$B$14)/NETWORKDAYS(Param!$B$5,D8,Param!$B$10:$B$14) -> 0.3030303 | G8: =MAX(0,NETWORKDAYS(Param!$B$4+1,D8,Param!$B$10:$B$14)) -> 4 | H8: Kayke | I8: Preencher AMQP_URL no painel do Render e executar a prova Spring → Node em DES
A9: PREV-003 | B9: 1.5.11 Release do Período 1 | C9: 46294 | D9: 46294 | E9: =IF(D9>=C9,NETWORKDAYS(C9,D9,Param!$B$10:$B$14)-1,-(NETWORKDAYS(D9,C9,Param!$B$10:$B$14)-1)) -> 0 | F9: =NETWORKDAYS(Param!$B$6,C9,Param!$B$10:$B$14)/NETWORKDAYS(Param!$B$6,D9,Param!$B$10:$B$14) -> 1 | G9: =MAX(0,NETWORKDAYS(Param!$B$4+1,D9,Param!$B$10:$B$14)) -> 0 | H9: Vicenzo Fonseca | I9: Tag v0.1.0 em 29/09; validar em DES o que ficou pendente (Brevo, secrets do agendador, fila real)
A10: PREV-004 | B10: 1.6.2 F-SOCIAL-2: Comentários e Menções-Link | C10: 46329 | D10: 46302 | E10: =IF(D10>=C10,NETWORKDAYS(C10,D10,Param!$B$10:$B$14)-1,-(NETWORKDAYS(D10,C10,Param!$B$10:$B$14)-1)) -> -17 | F10: =NETWORKDAYS(Param!$B$7,C10,Param!$B$10:$B$14)/NETWORKDAYS(Param!$B$7,D10,Param!$B$10:$B$14) -> 3.4285714 | G10: =MAX(0,NETWORKDAYS(Param!$B$4+1,D10,Param!$B$10:$B$14)) -> 2 | H10: Kayke | I10: Concluída nas 4 camadas; falta executar os testes de integração com Postgres
A11: PREV-005 | B11: 1.6.14 F-NOT-2: Notificações em Tempo Real | C11: 46329 | D11: 46304 | E11: =IF(D11>=C11,NETWORKDAYS(C11,D11,Param!$B$10:$B$14)-1,-(NETWORKDAYS(D11,C11,Param!$B$10:$B$14)-1)) -> -15 | F11: =NETWORKDAYS(Param!$B$7,C11,Param!$B$10:$B$14)/NETWORKDAYS(Param!$B$7,D11,Param!$B$10:$B$14) -> 2.6666667 | G11: =MAX(0,NETWORKDAYS(Param!$B$4+1,D11,Param!$B$10:$B$14)) -> 4 | H11: Kayke | I11: Canal SSE implementado no back e no mobile; validar a conexão no Render free
A12: PREV-006 | B12: 1.6.11 F-LST: Listas | C12: 46329 | D12: 46304 | E12: =IF(D12>=C12,NETWORKDAYS(C12,D12,Param!$B$10:$B$14)-1,-(NETWORKDAYS(D12,C12,Param!$B$10:$B$14)-1)) -> -15 | F12: =NETWORKDAYS(Param!$B$7,C12,Param!$B$10:$B$14)/NETWORKDAYS(Param!$B$7,D12,Param!$B$10:$B$14) -> 2.6666667 | G12: =MAX(0,NETWORKDAYS(Param!$B$4+1,D12,Param!$B$10:$B$14)) -> 4 | H12: Henrique Carvalho | I12: Web e mobile prontos em 05/10; falta a via lista no acervo, que destrava AVA-2 e MOD
A13: PREV-007 | B13: 1.6.3 F-ACV-DESCOBERTA: Filtros e Páginas de Autor, Editora e Série | C13: 46329 | D13: 46315 | E13: =IF(D13>=C13,NETWORKDAYS(C13,D13,Param!$B$10:$B$14)-1,-(NETWORKDAYS(D13,C13,Param!$B$10:$B$14)-1)) -> -9 | F13: =NETWORKDAYS(Param!$B$7,C13,Param!$B$10:$B$14)/NETWORKDAYS(Param!$B$7,D13,Param!$B$10:$B$14) -> 1.6 | G13: =MAX(0,NETWORKDAYS(Param!$B$4+1,D13,Param!$B$10:$B$14)) -> 10 | H13: Vicenzo Fonseca | I13: Infra e back prontos em 02/10; iniciar as telas web e mobile
A14: PREV-008 | B14: 1.6.5 F-EST-2: Favoritos, Histórico e Buscas | C14: 46329 | D14: 46318 | E14: =IF(D14>=C14,NETWORKDAYS(C14,D14,Param!$B$10:$B$14)-1,-(NETWORKDAYS(D14,C14,Param!$B$10:$B$14)-1)) -> -6 | F14: =NETWORKDAYS(Param!$B$7,C14,Param!$B$10:$B$14)/NETWORKDAYS(Param!$B$7,D14,Param!$B$10:$B$14) -> 1.3333333 | G14: =MAX(0,NETWORKDAYS(Param!$B$4+1,D14,Param!$B$10:$B$14)) -> 13 | H14: Ana Luiza de Freitas | I14: Começar pela tabela favorito; telas são extensões da estante (dela)
A15: PREV-009 | B15: 1.6.10 F-GAM: Sequência Diária | C15: 46329 | D15: 46318 | E15: =IF(D15>=C15,NETWORKDAYS(C15,D15,Param!$B$10:$B$14)-1,-(NETWORKDAYS(D15,C15,Param!$B$10:$B$14)-1)) -> -6 | F15: =NETWORKDAYS(Param!$B$7,C15,Param!$B$10:$B$14)/NETWORKDAYS(Param!$B$7,D15,Param!$B$10:$B$14) -> 1.3333333 | G15: =MAX(0,NETWORKDAYS(Param!$B$4+1,D15,Param!$B$10:$B$14)) -> 13 | H15: Vicenzo Fonseca | I15: Depende do consumidor de métricas com backfill (1ª semana); se não fechar até 16/10, passar a GAM para a Ana
A16: PREV-010 | B16: 1.6.7 F-AVA-2: Reações, Markdown e Frases | C16: 46329 | D16: 46318 | E16: =IF(D16>=C16,NETWORKDAYS(C16,D16,Param!$B$10:$B$14)-1,-(NETWORKDAYS(D16,C16,Param!$B$10:$B$14)-1)) -> -6 | F16: =NETWORKDAYS(Param!$B$7,C16,Param!$B$10:$B$14)/NETWORKDAYS(Param!$B$7,D16,Param!$B$10:$B$14) -> 1.3333333 | G16: =MAX(0,NETWORKDAYS(Param!$B$4+1,D16,Param!$B$10:$B$14)) -> 13 | H16: Renato Douglas | I16: Iniciar após a via lista da F-LST; mapear resenha.curtida no consumidor de notificações
A17: PREV-011 | B17: 1.6.12 F-REC-P2P: Recomendação entre Usuários | C17: 46329 | D17: 46325 | E17: =IF(D17>=C17,NETWORKDAYS(C17,D17,Param!$B$10:$B$14)-1,-(NETWORKDAYS(D17,C17,Param!$B$10:$B$14)-1)) -> -1 | F17: =NETWORKDAYS(Param!$B$7,C17,Param!$B$10:$B$14)/NETWORKDAYS(Param!$B$7,D17,Param!$B$10:$B$14) -> 1.0434783 | G17: =MAX(0,NETWORKDAYS(Param!$B$4+1,D17,Param!$B$10:$B$14)) -> 18 | H17: Kayke | I17: Dono adiantado (SOCIAL-2 e NOT-2 prontas); antecipar o consumidor de livro.adicionado_a_estante
A18: PREV-012 | B18: 1.6.9 F-STA: Estatísticas | C18: 46329 | D18: 46325 | E18: =IF(D18>=C18,NETWORKDAYS(C18,D18,Param!$B$10:$B$14)-1,-(NETWORKDAYS(D18,C18,Param!$B$10:$B$14)-1)) -> -1 | F18: =NETWORKDAYS(Param!$B$7,C18,Param!$B$10:$B$14)/NETWORKDAYS(Param!$B$7,D18,Param!$B$10:$B$14) -> 1.0434783 | G18: =MAX(0,NETWORKDAYS(Param!$B$4+1,D18,Param!$B$10:$B$14)) -> 18 | H18: Vicenzo Fonseca | I18: Reusa o consumidor de métricas da GAM; blocos no Meu perfil integrados pelo Henrique
A19: PREV-013 | B19: 1.6.13 F-MOD: Moderação | C19: 46329 | D19: 46325 | E19: =IF(D19>=C19,NETWORKDAYS(C19,D19,Param!$B$10:$B$14)-1,-(NETWORKDAYS(D19,C19,Param!$B$10:$B$14)-1)) -> -1 | F19: =NETWORKDAYS(Param!$B$7,C19,Param!$B$10:$B$14)/NETWORKDAYS(Param!$B$7,D19,Param!$B$10:$B$14) -> 1.0434783 | G19: =MAX(0,NETWORKDAYS(Param!$B$4+1,D19,Param!$B$10:$B$14)) -> 18 | H19: Renato Douglas | I19: Depende da AVA-2 (remoção de resenha e frase em leitura)
A20: PREV-014 | B20: 1.6.4 F-ACV-NOTA: Nota Geral e Cache de Capas | C20: 46329 | D20: 46329 | E20: =IF(D20>=C20,NETWORKDAYS(C20,D20,Param!$B$10:$B$14)-1,-(NETWORKDAYS(D20,C20,Param!$B$10:$B$14)-1)) -> 0 | F20: =NETWORKDAYS(Param!$B$7,C20,Param!$B$10:$B$14)/NETWORKDAYS(Param!$B$7,D20,Param!$B$10:$B$14) -> 1 | G20: =MAX(0,NETWORKDAYS(Param!$B$4+1,D20,Param!$B$10:$B$14)) -> 19 | H20: Renato Douglas | I20: Manter o plano; backfill da nota dos leitores antes de consumir nota.alterada
A21: PREV-015 | B21: 1.6.6 F-SESSAO: Sessão de Leitura Cronometrada | C21: 46329 | D21: 46329 | E21: =IF(D21>=C21,NETWORKDAYS(C21,D21,Param!$B$10:$B$14)-1,-(NETWORKDAYS(D21,C21,Param!$B$10:$B$14)-1)) -> 0 | F21: =NETWORKDAYS(Param!$B$7,C21,Param!$B$10:$B$14)/NETWORKDAYS(Param!$B$7,D21,Param!$B$10:$B$14) -> 1 | G21: =MAX(0,NETWORKDAYS(Param!$B$4+1,D21,Param!$B$10:$B$14)) -> 19 | H21: Ana Luiza de Freitas | I21: Manter o plano; só mobile, reusa o endpoint e a fila offline da F-PRG
... A28: PREV-022 | B28: 1.9.5 Apresentação Final (M10) | C28: 46371 | D28: 46371 | E28: =IF(D28>=C28,NETWORKDAYS(C28,D28,Param!$B$10:$B$14)-1,-(NETWORKDAYS(D28,C28,Param!$B$10:$B$14)-1)) -> 0 | F28: =NETWORKDAYS(Param!$B$7,C28,Param!$B$10:$B$14)/NETWORKDAYS(Param!$B$7,D28,Param!$B$10:$B$14) -> 1 | G28: =MAX(0,NETWORKDAYS(Param!$B$4+1,D28,Param!$B$10:$B$14)) -> 47 | H28: Vicenzo Fonseca | I28: Apresentação aos patrocinadores e lições aprendidas

Sheet Param
A1: (Nenhum campo com lista de opções neste modelo)
A3: PARÂMETROS DOS CÁLCULOS
A4: Data de status | B4: 46300 | C4: Data em que as previsões foram feitas
A5: Início do Período 0 (fundação) | B5: 46259 | C5: Plano de projeto §3
A6: Início do Período 1 (prioritárias) | B6: 46280 | C6: Plano de projeto §3
A7: Início do Período 2 (desejáveis) | B7: 46294 | C7: Divisão do Período 2 fechada em 29/09
A9: FERIADOS (descontados dos dias úteis)
A10: Independência do Brasil | B10: 46272 | C10: Nacional
A11: Nossa Senhora Aparecida | B11: 46307 | C11: Nacional
A12: Finados | B12: 46328 | C12: Nacional
A13: Dia da Consciência Negra | B13: 46346 | C13: Nacional
A14: Imaculada Conceição | B14: 46364 | C14: Municipal (Belo Horizonte)

Sheet Recursos
A1: Recursos — Previsões do Cronograma
A3: ARTIGOS RELACIONADOS
A4: Previsões do Cronograma — PMBOK 8: Guia Completo | B4: https://escritoriodeprojetos.com.br/previsoes-do-cronograma/
A6: MODELOS RELACIONADOS
A7: Todos os modelos PMBOK 8 — escritoriodeprojetos.com.br | B7: https://escritoriodeprojetos.com.br/modelos-pmbok/
A9: ARTEFATOS DO PROJETO
A10: EAP e dicionário da EAP | B10: assets/gerencia/eap.md
A11: Declaração de Escopo (marcos M1–M10) | B11: assets/gerencia/declaracao_de_escopo.md
A12: Plano de Projeto (fases e prazos, §3) | B12: docs/orquestador/plano-de-projeto.md
A13: Plano de Desenvolvimento (status das features) | B13: docs/plano-de-desenvolvimento/
A14: Quadro Kanban do projeto | B14: https://github.com/orgs/ICEI-PUC-Minas-PMGES-TI/projects/738
A16: Modelo fornecido por escritoriodeprojetos.com.br | Guia PMBOK® — 8ª Edição

Sheet Instruções
A1: Previsões do Cronograma — Lê Ai
A3: FINALIDADE
A4: Finalidade: projetar as datas de término das entregas do Lê Ai com base no desempenho real, na data de status de 05/10/2026.
A6: COMO USAR
A7: 1. Atualize a data de status na aba Param a cada revisão.
A8: 2. Atualize Término Previsto conforme o status de cada feature; Variação, SPI e ETC recalculam sozinhos.
A9: 3. Adicione linhas conforme necessário — mantenha o cabeçalho intacto e copie as fórmulas de E a G.
A11: ABAS
A12: Instruções | B12: Esta aba: orientações de uso do modelo.
A13: Param | B13: Data de status, inícios dos períodos e feriados usados nas fórmulas.
A14: Previsões do Cronograma | B14: Aba principal: preencha os dados do projeto aqui.
A15: Recursos | B15: Links para artigos e recursos relacionados.
A17: CAMPOS
A18: ID | B18: Identificador da previsão (PREV-nnn).
A19: Atividade / Entrega | B19: Código e nome do pacote de trabalho na EAP (assets/gerencia/eap.md).
A20: Término Original | B20: Data do marco na linha de base (Declaração de Escopo §6).
A21: Término Previsto | B21: Data estimada a partir do status real da feature na data de status.
A22: Variação (dias) | B22: Dias úteis entre o término original e o previsto (positivo = atraso; negativo = adiantado). Fórmula.
A23: SPI | B23: Duração planejada ÷ duração prevista, em dias úteis desde o início do período. Acima de 1 = adiantado. Fórmula.
A24: ETC (dias) | B24: Dias úteis restantes da data de status até o término previsto (0 = concluído). Fórmula.
A25: Responsável | B25: Dono da entrega no Plano de Desenvolvimento; marcos ficam com o gerente.
A26: Ação | B26: Próximo passo ou resposta ao desvio.
